expert,count,ratio,true_mean_1_try,pred_mean_1_try,mae_1_try,true_mean_2_tries,pred_mean_2_tries,mae_2_tries,true_mean_3_tries,pred_mean_3_tries,mae_3_tries,true_mean_4_tries,pred_mean_4_tries,mae_4_tries,true_mean_5_tries,pred_mean_5_tries,mae_5_tries,true_mean_6_tries,pred_mean_6_tries,mae_6_tries,true_mean_7_or_more_tries_x,pred_mean_7_or_more_tries_x,mae_7_or_more_tries_x
0,26,0.48148148148148145,0.005011959932744503,0.006367613095790148,0.005006192252039909,0.052805088460445404,0.0636400356888771,0.01920045167207718,0.22971926629543304,0.2349252551794052,0.04827839508652687,0.3466789424419403,0.32939907908439636,0.039978109300136566,0.23920407891273499,0.23275166749954224,0.03210359439253807,0.10727564245462418,0.10900063067674637,0.03959343209862709,0.019304964691400528,0.023914795368909836,0.015323294326663017
1,28,0.5185185185185185,0.005350285209715366,0.005447795148938894,0.006235226988792419,0.0567847415804863,0.05470254272222519,0.022703323513269424,0.21261604130268097,0.20629505813121796,0.05372214317321777,0.32635632157325745,0.3453591763973236,0.07102841883897781,0.2451709657907486,0.23871305584907532,0.0365302748978138,0.122930608689785,0.11906632035970688,0.04123648628592491,0.030791038647294044,0.030415045097470284,0.019588392227888107
