{
  "model": "MoE + MLP + Softmax",
  "bootstrap": {
    "B": 100,
    "epoch_scale": 0.6,
    "ci_level": 0.95
  },
  "config": {
    "num_experts": 2,
    "hidden_size": 128,
    "top_k": 2,
    "aux_coef": 0.005,
    "lr": 0.005,
    "weight_decay": 0.0001,
    "max_epochs": 500,
    "patience": 50,
    "weight_mode": "sqrt"
  },
  "metrics": {
    "single_model": {
      "mae": 0.03231695666909218,
      "rmse": 0.05932224914431572,
      "mse": 0.003519129240885377,
      "kl": 0.3935295343399048,
      "js_mean": 0.10797932318646268,
      "tv_distance": 0.11310934275388718,
      "cos_sim": 0.9701504111289978,
      "r2": -0.10086218267679214,
      "max_error": 0.7425732612609863
    },
    "bootstrap_mean": {
      "mae": 0.03047044947743416,
      "rmse": 0.05385906621813774,
      "mse": 0.002900799037888646,
      "kl": 0.17832091450691223,
      "js_mean": 0.10393597817463993,
      "tv_distance": 0.1066465750336647,
      "cos_sim": 0.9727055430412292,
      "r2": 0.04985072836279869,
      "max_error": 0.6340720653533936
    }
  },
  "uncertainty": {
    "confidence_score_mean": 61.99459457397461,
    "confidence_score_std": 14.085166931152344,
    "confidence_score_min": 9.73630428314209,
    "confidence_score_max": 96.0816650390625,
    "per_sample_std_mean_mean": 0.018136348575353622,
    "per_sample_std_mean_std": 0.012134457007050514
  }
}