expert,count,ratio,true_mean_1_try,pred_mean_1_try,mae_1_try,true_mean_2_tries,pred_mean_2_tries,mae_2_tries,true_mean_3_tries,pred_mean_3_tries,mae_3_tries,true_mean_4_tries,pred_mean_4_tries,mae_4_tries,true_mean_5_tries,pred_mean_5_tries,mae_5_tries,true_mean_6_tries,pred_mean_6_tries,mae_6_tries,true_mean_7_or_more_tries_x,pred_mean_7_or_more_tries_x,mae_7_or_more_tries_x
0,12,0.2222222222222222,0.004150164779275656,0.008090651594102383,0.0087276054546237,0.06146864593029022,0.06667787581682205,0.041854843497276306,0.21363861858844757,0.20546525716781616,0.07144653052091599,0.33839109539985657,0.3786942660808563,0.10293488949537277,0.25104784965515137,0.22238528728485107,0.047293055802583694,0.1121947169303894,0.101719431579113,0.033820830285549164,0.019108910113573074,0.01696600578725338,0.01239458005875349
1,24,0.4444444444444444,0.0024959577713161707,0.005810815375298262,0.0055754524655640125,0.034255970269441605,0.04479367658495903,0.015599540434777737,0.17803411185741425,0.17148996889591217,0.04944220185279846,0.32290464639663696,0.29677245020866394,0.06294690817594528,0.27109816670417786,0.26976117491722107,0.03492508828639984,0.1510085016489029,0.16481229662895203,0.05864347144961357,0.040202606469392776,0.0465584397315979,0.028604639694094658
2,18,0.3333333333333333,0.009467444382607937,0.012064103037118912,0.008984551765024662,0.07795212417840958,0.09722694754600525,0.02522803656756878,0.28274816274642944,0.27421247959136963,0.03236852586269379,0.35229024291038513,0.32550811767578125,0.037474896758794785,0.1980646401643753,0.19612404704093933,0.026258263736963272,0.07003799080848694,0.07843176275491714,0.02184431254863739,0.009439383633434772,0.01643144153058529,0.008295673877000809
