{
  "model": "DirichletMoE",
  "config": {
    "num_experts": 4,
    "hidden_size": 256,
    "top_k": 1,
    "aux_coef": 0.0005,
    "alpha0_min": 1.0,
    "alpha0_max": 500.0,
    "ci_level": 0.95
  },
  "training": {
    "best_epoch": 136,
    "best_val_loss": -17.34030532836914
  },
  "metrics": {
    "mae": 0.032950785011053085,
    "kl": 0.39828091859817505,
    "js_mean": 0.11248313549119514,
    "cos_sim": 0.9679496884346008,
    "r2": -0.17054376006126404,
    "max_error": 0.7425742149353027,
    "alpha0_mean": 52.78215789794922,
    "alpha0_std": 61.90647506713867,
    "alpha0_min": 31.032949447631836,
    "alpha0_max": 500.0
  },
  "ci_coverage": {
    "coverage_per_dim": [
      0.35185185185185186,
      0.9629629629629629,
      0.9259259259259259,
      0.9444444444444444,
      0.9814814814814815,
      0.9074074074074074,
      0.7592592592592593
    ],
    "coverage_overall": 0.8333333333333334
  }
}