Model,Train R²,Test R²,Train RMSE,Test RMSE,Train MAE,Test MAE
LASSO,0.637540436683903,0.6313683022102878,0.24482120708698005,0.31140717985944416,0.18378913586801726,0.24300461294250889
RIDGE,0.6384271451175633,0.638880747903404,0.2445215626838446,0.3082177206671653,0.18453128850607983,0.2416518073062068
ELASTICNET,0.6331616398960933,0.622485731843533,0.24629558397712023,0.3151366895360951,0.18499525533361527,0.24409691915892334
MLP,0.5801018215649114,0.5532962912901538,0.2635064491508341,0.3428009859626553,0.20294385939634632,0.26202782489408843
TABNET,-,0.3782±0.1140,-,0.3578±0.0664,-,0.2601±0.0318
