{
  "model": "DirichletMoE",
  "config": {
    "num_experts": 2,
    "hidden_size": 64,
    "top_k": 1,
    "aux_coef": 0.001,
    "alpha0_min": 1.0,
    "alpha0_max": 500.0,
    "ci_level": 0.95
  },
  "training": {
    "best_epoch": 108,
    "best_val_loss": -16.0753116607666
  },
  "metrics": {
    "mae": 0.034084197133779526,
    "kl": 0.405516117811203,
    "js_mean": 0.11778330057859421,
    "cos_sim": 0.9653163552284241,
    "r2": -0.2172318547964096,
    "max_error": 0.7425742149353027,
    "alpha0_mean": 82.59812927246094,
    "alpha0_std": 59.019474029541016,
    "alpha0_min": 48.039188385009766,
    "alpha0_max": 500.0
  },
  "ci_coverage": {
    "coverage_per_dim": [
      0.3333333333333333,
      0.8333333333333334,
      0.8518518518518519,
      0.9074074074074074,
      0.9444444444444444,
      0.7777777777777778,
      0.7037037037037037
    ],
    "coverage_overall": 0.7645502645502645
  }
}