{
  "model": "DirichletMoE",
  "config": {
    "num_experts": 2,
    "hidden_size": 64,
    "top_k": 1,
    "aux_coef": 0.001,
    "alpha0_min": 1.0,
    "alpha0_max": 500.0,
    "ci_level": 0.95
  },
  "training": {
    "best_epoch": 136,
    "best_val_loss": -17.1420841217041
  },
  "metrics": {
    "mae": 0.03305484727025032,
    "kl": 0.39397120475769043,
    "js_mean": 0.11460523307323456,
    "cos_sim": 0.9682895541191101,
    "r2": -0.17240026593208313,
    "max_error": 0.7425742149353027,
    "alpha0_mean": 52.29332733154297,
    "alpha0_std": 61.909141540527344,
    "alpha0_min": 33.48114013671875,
    "alpha0_max": 500.0
  },
  "ci_coverage": {
    "coverage_per_dim": [
      0.35185185185185186,
      0.9444444444444444,
      0.9629629629629629,
      0.9629629629629629,
      0.9814814814814815,
      0.9074074074074074,
      0.7962962962962963
    ],
    "coverage_overall": 0.843915343915344
  }
}