expert,count,ratio,mean_true_1_try,mean_pred_1_try,mae_1_try,mean_true_2_tries,mean_pred_2_tries,mae_2_tries,mean_true_3_tries,mean_pred_3_tries,mae_3_tries,mean_true_4_tries,mean_pred_4_tries,mae_4_tries,mean_true_5_tries,mean_pred_5_tries,mae_5_tries,mean_true_6_tries,mean_pred_6_tries,mae_6_tries,mean_true_7_or_more_tries_x,mean_pred_7_or_more_tries_x,mae_7_or_more_tries_x
0,25,0.46296296296296297,0.0035881183575838804,0.00502077117562294,0.005123842507600784,0.03680532053112984,0.04436100646853447,0.012098810635507107,0.17332297563552856,0.1784842610359192,0.04913192242383957,0.31164631247520447,0.30763188004493713,0.048895541578531265,0.2749219238758087,0.2711896002292633,0.040832530707120895,0.15794864296913147,0.15013423562049866,0.05470301955938339,0.0417666956782341,0.04317621886730194,0.027622506022453308
1,29,0.5370370370370371,0.00656606862321496,0.009534597396850586,0.00935443677008152,0.07044041901826859,0.07542213052511215,0.03159623220562935,0.26182326674461365,0.27850690484046936,0.05114758759737015,0.3572576642036438,0.3373878598213196,0.044730257242918015,0.21417397260665894,0.20189808309078217,0.03236839920282364,0.07870717346668243,0.0816253274679184,0.026647314429283142,0.011031410656869411,0.01562308520078659,0.009740149602293968
