{
  "model": "MoE + MLP + Softmax",
  "num_experts": 2,
  "hidden_size": 64,
  "top_k": 1,
  "aux_coef": 0.001,
  "best_epoch": 63,
  "best_val_loss": 1.5836331844329834,
  "metrics": {
    "mae": 0.03154008463025093,
    "kl": 0.2239232361316681,
    "js_mean": 0.10933776911885912,
    "cos_sim": 0.9742664694786072,
    "r2": 0.21897408366203308,
    "max_error": 0.27398186922073364
  }
}